title,summary,gemini_response
DANGEROUS Jungle Spider!,"Overall, people are *neutral* about this video. Top trending topics in the comments include: spider, spiders, coyote, video, like.","Viewer reaction to the ""DANGEROUS Jungle Spider!"" video is largely indifferent, registering as neutral overall (compound sentiment score: 0.04).  While a slight positive leaning is present (positive score: 0.08), it's almost perfectly balanced by a similar negative component (negative score: 0.08), indicating a lack of strong emotional responses either way. The high neutrality score (0.82) suggests viewers found the video informative or visually engaging, without experiencing significant fear, excitement, or disgust.

The top keywords – ""spider,"" ""spiders,"" ""video,"" and ""like"" –  reveal the core content: the video focuses on spiders, and viewers used ""like"" as a simple affirmation of its presence rather than an expression of strong preference.  The inclusion of ""coyote"" is unexpected and may indicate either a surprising appearance of a coyote in the video or confusion in the tagging system.  The sample comment exemplifies the neutral yet cautious response; the viewer expresses genuine surprise and slight fear (""seriously im not lyingnnnps"")  regarding a spider encounter, ultimately informing the audience of their changed perspective (avoiding Costa Rica). This encapsulates the overall viewer sentiment: mild interest tinged with a cautious awareness of the potential danger represented by jungle spiders, prompting contemplation rather than overt excitement or revulsion.
"
9 Things You Need To Know About Kittens - Simon's Cat | 101,"Overall, people are *neutral* about this video. Top trending topics in the comments include: cat, cats, milk, kittens, kitten.","Viewer reaction to ""9 Things You Need To Know About Kittens - Simon's Cat | 101"" is largely indifferent, registering a neutral sentiment score.  While a slight positive lean exists (compound score of 0.17), the prevalence of neutral sentiment (74%) indicates that the video neither particularly delighted nor disappointed viewers.  The top keywords – ""cat,"" ""cats,"" ""milk,"" ""kittens,"" ""kitten"" – accurately reflect the video's subject matter, showing viewers engaged with the expected content.  The sample comment, while unrelated to the video's content, highlights a common YouTube trend: creators seeking feedback and support from their audience.  This suggests that the video, while generating a lukewarm overall response, still attracted viewers actively engaged within the YouTube community, potentially looking for content in the broader realm of animation or pet videos.  The lack of strong positive or negative reactions might point towards a video effectively meeting viewer expectations without offering anything particularly groundbreaking or memorable.
"
Best Tom Petty Interview Ever,"Overall, people are *neutral* about this video. Top trending topics in the comments include: interviews, gary, chandling, god, tom.","While labeled ""Best Tom Petty Interview Ever,"" viewer reaction to this Gary Chandling interview is surprisingly muted, registering as neutrally negative (-0.29 compound sentiment).  Although a small positive percentage (3%) exists, negativity outweighs it (18%), suggesting viewers weren't overwhelmingly impressed.  The prevalence of ""interviews,"" ""Gary Chandling,"" and ""Tom Petty"" in the top keywords points to a core audience interested in Petty and Chandling's interview style.  However, the comment ""where are the other interviews Gary Chandling did"" reveals a key concern:  the video's title, promising the *best* interview ever, may be overstated.  Viewers seem to be craving more from this interviewer-subject pairing, suggesting either a lack of readily available Chandling interviews, or dissatisfaction with the content presented as the ""best."" The presence of ""God"" in the keywords warrants further investigation;  it may indicate a discussion of faith in the interview itself or perhaps reflects viewer sentiments toward the interview's perceived quality (or lack thereof). Ultimately, the video's success hinges on delivering more than just one interview; it needs to showcase the unique dynamic between Chandling and Petty to justify its ambitious title.
"
SNL Host Kumail Nanjiani and P!nk Share Favorite Colors,"Overall, people are *neutral* about this video. Top trending topics in the comments include: pink, snl, pnk, green, voice.","Viewer reaction to the ""SNL Host Kumail Nanjiani and P!nk Share Favorite Colors"" video is largely indifferent, registering as neutral overall (compound sentiment score of 0.14).  While a slight positive leaning is detectable (positive sentiment at 0.17), it's largely overshadowed by the predominantly neutral response (0.73).  Negative sentiment is minimal (0.09).

The video's focus, as indicated by the keywords ""pink,"" ""SNL,"" ""pnk,"" and ""green,"" successfully highlighted the personalities involved, aligning with expectations of an SNL-related clip.  The presence of ""voice"" suggests a possible interview format, although details remain unspecified from the given information.  However,  the dominant sentiment suggests the content, while perhaps adequately showcasing P!nk and Kumail Nanjiani, lacked a significant hook to strongly engage viewers or elicit strong emotional responses.

A sample comment reveals a distinct disconnect between the video's content (favorite colors) and viewer interests. The comment references previous SNL sketches featuring Kate McKinnon, highlighting a desire for a different type of content altogether. This underscores a potential issue: the video's premise may have been too simplistic or niche to capture a wider audience, leading to a neutral, rather than enthusiastic response. The lack of specific praise suggests that, while the video wasn't disliked, it failed to leave a memorable or positive impression.  The neutral sentiment, therefore,"
Honest Trailers - Star Trek: The Next Generation,"Overall, people are *neutral* about this video. Top trending topics in the comments include: honest, please, trailer, say, trek.","The ""Honest Trailers - Star Trek: The Next Generation"" video elicited a largely neutral response from viewers, as indicated by a compound sentiment score hovering near zero.  While a slight positive leaning exists (0.24),  the overwhelming presence of neutral sentiment (0.75) suggests viewers found the video neither overwhelmingly positive nor negative.  The top keywords – ""honest,"" ""please,"" ""trailer,"" ""say,"" and ""trek"" – reveal the core engagement: viewers appreciated the honest, albeit humorous, critique of their beloved franchise.  The use of ""please,"" possibly in comments requesting specific jokes or criticisms, suggests a participatory element, a desire for the creators to address particular aspects of the show.


A sample comment highlights a common viewer experience: selective rewatching.  The cited skipping of specific episodes (""Space Ghost"" and the season finale) speaks to a shared acknowledgment of inconsistencies in quality within the series' seven-season run.  This implies that while viewers hold a fondness for *TNG*,  they are also aware of its flaws and aren't afraid to admit to actively avoiding less enjoyable parts.  The overall neutral sentiment likely stems from this complex relationship: a love for the show tempered by a realistic understanding of its unevenness,  making the ""Honest Trailer"" format a palatable way to acknowledge those imperfections.  The video's success lies in its ability to tap into this pre-existing awareness and offer a comedic outlet for shared frustrations and nostalgic affection"
Honest Trailers - Star Trek: The Next Generation,"Overall, people are *neutral* about this video. Top trending topics in the comments include: honest, please, trailer, say, trek.","The ""Honest Trailers - Star Trek: The Next Generation"" video elicited a largely neutral response from viewers, reflected in its compound sentiment score hovering near zero.  While a slight positive leaning is present (pos: 0.20), the dominant feeling is one of balanced appreciation and acknowledgment of flaws.  The prevalence of keywords like ""honest,"" ""please,"" and ""trailer"" indicates viewers sought, and largely found, a truthful and entertaining deconstruction of the series, as promised by the video's title. The inclusion of ""trek"" simply reinforces the subject matter.

A key takeaway is the implied acceptance of the show's inconsistencies. The sample comment exemplifies this: the viewer freely admits skipping certain episodes (""space ghost episode"" and the season finale), suggesting a recognition of uneven quality within the series. This aligns with the expected tone of an ""Honest Trailer,"" where both strengths and weaknesses are dissected.  The neutral sentiment suggests that viewers were neither overwhelmingly offended nor overwhelmingly delighted, but instead found the video's commentary fair and relatable, accurately capturing the multifaceted legacy of TNG. The overall reaction points towards a mature understanding of the series – a fondness tinged with the recognition that not every episode reaches the heights of the franchise's best work.
"
Honest Trailers - Star Trek: The Next Generation,"Overall, people are *neutral* about this video. Top trending topics in the comments include: honest, please, trailer, say, trek.","The ""Honest Trailers - Star Trek: The Next Generation"" video elicited a largely neutral response from viewers, reflected in the near-zero compound sentiment score (0.24).  While a slight positive leaning exists (20% positive), the predominantly neutral sentiment (75%) suggests a balanced appraisal, acknowledging both the show's strengths and weaknesses.  The top keywords – ""honest,"" ""please,"" ""trailer,"" ""say,"" and ""trek"" – reveal viewer expectations.  ""Honest"" and ""please"" suggest a desire for a truthful, albeit hopefully entertaining, critique;  ""trailer"" indicates engagement with the video's format; and ""say"" highlights anticipation for specific points to be made.  The inclusion of ""trek"" itself speaks to the viewers' established connection with the franchise.

A sample comment, expressing a desire to skip specific episodes (""space ghost episode"" and the season finale), exemplifies a common sentiment amongst long-time fans: a recognition of uneven quality throughout the series' run. This suggests the ""Honest Trailers"" format successfully taps into the pre-existing internal debate among fans regarding TNG's consistency.  While the video likely highlights both beloved aspects and notorious flaws, the neutral sentiment indicates viewers found the critique fair and relatable, rather than overly positive or excessively negative.  The overall reaction implies the video effectively walked a line between affectionate ribbing and genuine appreciation for the show's legacy.
"
Honest Trailers - Star Trek: The Next Generation,"Overall, people are *neutral* about this video. Top trending topics in the comments include: honest, please, trailer, say, trek.","The ""Honest Trailers - Star Trek: The Next Generation"" video elicited a largely neutral response from viewers,  reflecting a balanced appreciation for the show's legacy alongside acknowledgment of its flaws.  The sentiment analysis (compound 0.24) reveals a slight positive leaning, but the high neutrality score (0.75) underscores a pragmatic engagement rather than overwhelming enthusiasm or criticism.  Keywords like ""honest,"" ""please,"" and ""trailer"" indicate viewers sought and appreciated a candid, humorous take on the series,  using the Honest Trailers format to examine both its strengths and weaknesses.  The inclusion of ""Trek"" and ""say"" suggests a desire for the video to directly address both beloved and problematic aspects of the franchise's history, which the comments confirm.

A sample comment highlights a common viewer sentiment: selective viewing.  Many fans, as evidenced by this comment, engage with *The Next Generation* on their own terms, skipping episodes perceived as weaker links in the chain (like the cited ""Space Ghost"" crossover and a specific season finale). This suggests a nuanced appreciation where individual episodes are judged independently, rather than a blanket positive or negative view of the entire series.  The neutral sentiment, therefore, isn't apathy, but rather a realistic assessment – acknowledging the show's influence and cultural impact while also recognizing its uneven quality across its run.  The ""Honest Trailer"" format seems to have provided a platform for viewers to engage in this complex and balanced"
Why Is Ayesha Curry Sending Pics of Her Feet to Steph Curry?,"Overall, people are *neutral* about this video. Top trending topics in the comments include: feet, ayesha, foot, lol, fetish.","The video ""Why Is Ayesha Curry Sending Pics of Her Feet to Steph Curry?"" generated a largely neutral reaction from viewers (compound sentiment: 0.09).  While a slight positive leaning is present (positive sentiment: 0.15), it's balanced by a small negative component (negative sentiment: 0.12), suggesting a lack of strong emotional responses either way. The prevalence of neutral sentiment (neutral sentiment: 0.72) points towards viewers primarily finding the topic curious rather than overtly shocking or offensive.

The top keywords – ""feet,"" ""Ayesha,"" ""foot,"" ""lol,"" and ""fetish"" – reveal the core of viewer engagement.  The focus is undeniably on the unusual nature of the implied message exchange, with ""feet"" and ""foot"" dominating the conversation. The inclusion of ""lol"" suggests a degree of lighthearted amusement or disbelief rather than serious condemnation. The appearance of ""fetish"" hints at the exploration of potentially unconventional aspects of relationships, but again, without significant negative judgment.  The sample comment referencing Tamera Mowry-Housley and Adam Housley underscores this trend: viewers are contextualizing the seemingly peculiar behavior within the broader spectrum of marital intimacy and quirky couple dynamics, normalizing it to an extent through comparison.

In essence, viewer opinion steers clear of strong moral judgments. The response appears driven more by intrigue and lighthearted speculation about celebrity relationships rather than outrage or disapproval. The prevalence"
Why Is Ayesha Curry Sending Pics of Her Feet to Steph Curry?,"Overall, people are *neutral* about this video. Top trending topics in the comments include: feet, ayesha, foot, lol, fetish.","The video ""Why Is Ayesha Curry Sending Pics of Her Feet to Steph Curry?"" generated a largely neutral response from viewers (compound sentiment: 0.09), suggesting a lack of strong positive or negative opinions.  The prevalence of keywords like ""feet,"" ""foot,"" and ""fetish"" indicates the video's central theme revolves around the unusual nature of Ayesha Curry potentially sending foot pictures to her husband, Steph.  The inclusion of ""lol"" suggests many viewers found the topic humorous or lighthearted, rather than scandalous or offensive.

A sample comment referencing Tamera Mowry-Housley and Adam Housley highlights a trend: viewers seem to be contextualizing Ayesha's actions within the broader spectrum of quirky or intimate behaviors in celebrity couples.  This suggests that the video might not be sparking outrage or judgment but rather prompting amused speculation and comparisons to other, possibly similar, instances within celebrity relationships. The neutral sentiment, coupled with the humorous undertone, indicates viewers likely found the subject matter more curious and entertaining than genuinely problematic.  The lack of strongly negative sentiment demonstrates a relative acceptance of the topic, perhaps reflecting a modern desensitization to unusual aspects of celebrity lives or a general understanding that private behaviors between spouses are not always subject to public scrutiny.
"
